<?xml version="1.0" encoding="UTF-8"?>
<GenRun Id="impl_1" LaunchPart="xc7z020clg484-1" LaunchTime="1606255647">
  <File Type="RBD_FILE" Name="classic_fsm_v2.rbd"/>
  <File Type="NPI_FILE" Name="classic_fsm_v2.npi"/>
  <File Type="RNPI_FILE" Name="classic_fsm_v2.rnpi"/>
  <File Type="CFI_FILE" Name="classic_fsm_v2.cfi"/>
  <File Type="RCFI_FILE" Name="classic_fsm_v2.rcfi"/>
  <File Type="PDI-FILE" Name="classic_fsm_v2.pdi"/>
  <File Type="ROUTE-METHODOLOGY-DRC-RPX" Name="classic_fsm_v2_methodology_drc_routed.rpx"/>
  <File Type="ROUTE-DRC-RPX" Name="classic_fsm_v2_drc_routed.rpx"/>
  <File Type="ROUTE-METHODOLOGY-DRC-PB" Name="classic_fsm_v2_methodology_drc_routed.pb"/>
  <File Type="ROUTE-METHODOLOGY-DRC" Name="classic_fsm_v2_methodology_drc_routed.rpt"/>
  <File Type="POSTROUTE-PHYSOPT-BLACKBOX-DCP" Name="classic_fsm_v2_postroute_physopt_bb.dcp"/>
  <File Type="POSTROUTE-PHYSOPT-DCP" Name="classic_fsm_v2_postroute_physopt.dcp"/>
  <File Type="PHYSOPT-DCP" Name="classic_fsm_v2_physopt.dcp"/>
  <File Type="PLACE-IO" Name="classic_fsm_v2_io_placed.rpt"/>
  <File Type="OPT-DRC" Name="classic_fsm_v2_drc_opted.rpt"/>
  <File Type="BITSTR-LTX" Name="debug_nets.ltx"/>
  <File Type="BITSTR-LTX" Name="classic_fsm_v2.ltx"/>
  <File Type="BITSTR-SYSDEF" Name="classic_fsm_v2.sysdef"/>
  <File Type="BITSTR-MMI" Name="classic_fsm_v2.mmi"/>
  <File Type="BITSTR-BMM" Name="classic_fsm_v2_bd.bmm"/>
  <File Type="PLACE-UTIL-PB" Name="classic_fsm_v2_utilization_placed.pb"/>
  <File Type="BG-BGN" Name="classic_fsm_v2.bgn"/>
  <File Type="PLACE-DCP" Name="classic_fsm_v2_placed.dcp"/>
  <File Type="OPT-HWDEF" Name="classic_fsm_v2.hwdef"/>
  <File Type="BG-BIT" Name="classic_fsm_v2.bit"/>
  <File Type="ROUTE-BUS-SKEW" Name="classic_fsm_v2_bus_skew_routed.rpt"/>
  <File Type="WBT-USG" Name="usage_statistics_webtalk.html"/>
  <File Type="PA-TCL" Name="classic_fsm_v2.tcl"/>
  <File Type="REPORTS-TCL" Name="classic_fsm_v2_reports.tcl"/>
  <File Type="PLACE-UTIL" Name="classic_fsm_v2_utilization_placed.rpt"/>
  <File Type="BG-DRC" Name="classic_fsm_v2.drc"/>
  <File Type="OPT-DCP" Name="classic_fsm_v2_opt.dcp"/>
  <File Type="PLACE-CTRL" Name="classic_fsm_v2_control_sets_placed.rpt"/>
  <File Type="RDI-RDI" Name="classic_fsm_v2.vdi"/>
  <File Type="BG-BIN" Name="classic_fsm_v2.bin"/>
  <File Type="PWROPT-DCP" Name="classic_fsm_v2_pwropt.dcp"/>
  <File Type="BITSTR-MSK" Name="classic_fsm_v2.msk"/>
  <File Type="POSTPLACE-PWROPT-DCP" Name="classic_fsm_v2_postplace_pwropt.dcp"/>
  <File Type="BITSTR-RBT" Name="classic_fsm_v2.rbt"/>
  <File Type="BITSTR-NKY" Name="classic_fsm_v2.nky"/>
  <File Type="PLACE-PRE-SIMILARITY" Name="classic_fsm_v2_incremental_reuse_pre_placed.rpt"/>
  <File Type="ROUTE-DRC" Name="classic_fsm_v2_drc_routed.rpt"/>
  <File Type="ROUTE-DRC-PB" Name="classic_fsm_v2_drc_routed.pb"/>
  <File Type="ROUTE-PWR" Name="classic_fsm_v2_power_routed.rpt"/>
  <File Type="ROUTE-PWR-SUM" Name="classic_fsm_v2_power_summary_routed.pb"/>
  <File Type="ROUTE-PWR-RPX" Name="classic_fsm_v2_power_routed.rpx"/>
  <File Type="ROUTE-STATUS" Name="classic_fsm_v2_route_status.rpt"/>
  <File Type="ROUTE-STATUS-PB" Name="classic_fsm_v2_route_status.pb"/>
  <File Type="ROUTE-DCP" Name="classic_fsm_v2_routed.dcp"/>
  <File Type="ROUTE-ERROR-DCP" Name="classic_fsm_v2_routed_error.dcp"/>
  <File Type="ROUTE-BLACKBOX-DCP" Name="classic_fsm_v2_routed_bb.dcp"/>
  <File Type="ROUTE-TIMINGSUMMARY" Name="classic_fsm_v2_timing_summary_routed.rpt"/>
  <File Type="ROUTE-TIMING-PB" Name="classic_fsm_v2_timing_summary_routed.pb"/>
  <File Type="ROUTE-TIMING-RPX" Name="classic_fsm_v2_timing_summary_routed.rpx"/>
  <File Type="ROUTE-CLK" Name="classic_fsm_v2_clock_utilization_routed.rpt"/>
  <File Type="ROUTE-BUS-SKEW-PB" Name="classic_fsm_v2_bus_skew_routed.pb"/>
  <File Type="ROUTE-BUS-SKEW-RPX" Name="classic_fsm_v2_bus_skew_routed.rpx"/>
  <FileSet Name="sources" Type="DesignSrcs" RelSrcDir="$PSRCDIR/sources_1">
    <Filter Type="Srcs"/>
    <File Path="$PSRCDIR/sources_1/imports/t05_fsms_without_monsters/classic_fsm_v2.v">
      <FileInfo>
        <Attr Name="ImportPath" Val="$PPRDIR/../../../../../../media/psf/Home/Documents/IV_Rok/ESL_tutorials/t05_fsms_without_monsters/classic_fsm_v2.v"/>
        <Attr Name="ImportTime" Val="1606255415"/>
        <Attr Name="UsedIn" Val="synthesis"/>
        <Attr Name="UsedIn" Val="implementation"/>
        <Attr Name="UsedIn" Val="simulation"/>
      </FileInfo>
    </File>
    <Config>
      <Option Name="DesignMode" Val="RTL"/>
      <Option Name="TopModule" Val="classic_fsm_v2"/>
      <Option Name="TopAutoSet" Val="TRUE"/>
    </Config>
  </FileSet>
  <FileSet Name="constrs_in" Type="Constrs" RelSrcDir="$PSRCDIR/constrs_1">
    <Filter Type="Constrs"/>
    <File Path="$PSRCDIR/constrs_1/new/pins.xdc">
      <FileInfo>
        <Attr Name="ImportPath" Val="$PPRDIR/../../../../../../media/psf/Home/Documents/IV_Rok/ESL_tutorials/t05_fsms_without_monsters/vivado_fsms/vivado_fsms.srcs/constrs_1/new/pins.xdc"/>
        <Attr Name="ImportTime" Val="1606255644"/>
        <Attr Name="UsedIn" Val="synthesis"/>
        <Attr Name="UsedIn" Val="implementation"/>
      </FileInfo>
    </File>
    <Config>
      <Option Name="TargetConstrsFile" Val="$PSRCDIR/constrs_1/new/pins.xdc"/>
      <Option Name="ConstrsType" Val="XDC"/>
    </Config>
  </FileSet>
  <FileSet Name="utils" Type="Utils" RelSrcDir="$PSRCDIR/utils_1">
    <Filter Type="Utils"/>
    <Config>
      <Option Name="TopAutoSet" Val="TRUE"/>
    </Config>
  </FileSet>
  <Strategy Version="1" Minor="2">
    <StratHandle Name="Vivado Implementation Defaults" Flow="Vivado Implementation 2020"/>
    <Step Id="init_design"/>
    <Step Id="opt_design"/>
    <Step Id="power_opt_design"/>
    <Step Id="place_design"/>
    <Step Id="post_place_power_opt_design"/>
    <Step Id="phys_opt_design"/>
    <Step Id="route_design"/>
    <Step Id="post_route_phys_opt_design"/>
    <Step Id="write_bitstream"/>
    <Step Id="write_device_image"/>
  </Strategy>
</GenRun>
