<?xml version="1.0" encoding="UTF-8"?>
<GenRun Id="impl_1" LaunchPart="xc7z020clg484-1" LaunchTime="1606170774">
  <File Type="WBT-USG" Name="usage_statistics_webtalk.html"/>
  <File Type="RDI-RDI" Name="wax_wane.vdi"/>
  <File Type="BG-DRC" Name="wax_wane.drc"/>
  <File Type="BG-BGN" Name="wax_wane.bgn"/>
  <File Type="BITSTR-SYSDEF" Name="wax_wane.sysdef"/>
  <File Type="BITSTR-LTX" Name="debug_nets.ltx"/>
  <File Type="BITSTR-LTX" Name="wax_wane.ltx"/>
  <File Type="RBD_FILE" Name="wax_wane.rbd"/>
  <File Type="NPI_FILE" Name="wax_wane.npi"/>
  <File Type="RNPI_FILE" Name="wax_wane.rnpi"/>
  <File Type="CFI_FILE" Name="wax_wane.cfi"/>
  <File Type="RCFI_FILE" Name="wax_wane.rcfi"/>
  <File Type="PDI-FILE" Name="wax_wane.pdi"/>
  <File Type="BITSTR-MMI" Name="wax_wane.mmi"/>
  <File Type="BITSTR-BMM" Name="wax_wane_bd.bmm"/>
  <File Type="BITSTR-NKY" Name="wax_wane.nky"/>
  <File Type="BITSTR-RBT" Name="wax_wane.rbt"/>
  <File Type="BITSTR-MSK" Name="wax_wane.msk"/>
  <File Type="BG-BIN" Name="wax_wane.bin"/>
  <File Type="BG-BIT" Name="wax_wane.bit"/>
  <File Type="POSTROUTE-PHYSOPT-BUS-SKEW-RPX" Name="wax_wane_bus_skew_postroute_physopted.rpx"/>
  <File Type="POSTROUTE-PHYSOPT-BUS-SKEW-PB" Name="wax_wane_bus_skew_postroute_physopted.pb"/>
  <File Type="POSTROUTE-PHYSOPT-BUS-SKEW" Name="wax_wane_bus_skew_postroute_physopted.rpt"/>
  <File Type="POSTROUTE-PHYSOPT-TIMING-RPX" Name="wax_wane_timing_summary_postroute_physopted.rpx"/>
  <File Type="POSTROUTE-PHYSOPT-TIMING-PB" Name="wax_wane_timing_summary_postroute_physopted.pb"/>
  <File Type="POSTROUTE-PHYSOPT-TIMING" Name="wax_wane_timing_summary_postroute_physopted.rpt"/>
  <File Type="POSTROUTE-PHYSOPT-BLACKBOX-DCP" Name="wax_wane_postroute_physopt_bb.dcp"/>
  <File Type="POSTROUTE-PHYSOPT-DCP" Name="wax_wane_postroute_physopt.dcp"/>
  <File Type="ROUTE-BUS-SKEW-RPX" Name="wax_wane_bus_skew_routed.rpx"/>
  <File Type="POSTPLACE-PWROPT-DCP" Name="wax_wane_postplace_pwropt.dcp"/>
  <File Type="PLACE-PRE-SIMILARITY" Name="wax_wane_incremental_reuse_pre_placed.rpt"/>
  <File Type="ROUTE-METHODOLOGY-DRC-RPX" Name="wax_wane_methodology_drc_routed.rpx"/>
  <File Type="PLACE-UTIL" Name="wax_wane_utilization_placed.rpt"/>
  <File Type="OPT-METHODOLOGY-DRC" Name="wax_wane_methodology_drc_opted.rpt"/>
  <File Type="PLACE-CLK" Name="wax_wane_clock_utilization_placed.rpt"/>
  <File Type="PLACE-IO" Name="wax_wane_io_placed.rpt"/>
  <File Type="PLACE-CTRL" Name="wax_wane_control_sets_placed.rpt"/>
  <File Type="ROUTE-METHODOLOGY-DRC-PB" Name="wax_wane_methodology_drc_routed.pb"/>
  <File Type="PLACE-DCP" Name="wax_wane_placed.dcp"/>
  <File Type="INIT-TIMING" Name="wax_wane_timing_summary_init.rpt"/>
  <File Type="PWROPT-DRC" Name="wax_wane_drc_pwropted.rpt"/>
  <File Type="PWROPT-TIMING" Name="wax_wane_timing_summary_pwropted.rpt"/>
  <File Type="REPORTS-TCL" Name="wax_wane_reports.tcl"/>
  <File Type="PLACE-TIMING" Name="wax_wane_timing_summary_placed.rpt"/>
  <File Type="OPT-DRC" Name="wax_wane_drc_opted.rpt"/>
  <File Type="POSTPLACE-PWROPT-TIMING" Name="wax_wane_timing_summary_postplace_pwropted.rpt"/>
  <File Type="PA-TCL" Name="wax_wane.tcl"/>
  <File Type="OPT-TIMING" Name="wax_wane_timing_summary_opted.rpt"/>
  <File Type="PLACE-UTIL-PB" Name="wax_wane_utilization_placed.pb"/>
  <File Type="ROUTE-METHODOLOGY-DRC" Name="wax_wane_methodology_drc_routed.rpt"/>
  <File Type="OPT-DCP" Name="wax_wane_opt.dcp"/>
  <File Type="OPT-HWDEF" Name="wax_wane.hwdef"/>
  <File Type="PHYSOPT-TIMING" Name="wax_wane_timing_summary_physopted.rpt"/>
  <File Type="PLACE-SIMILARITY" Name="wax_wane_incremental_reuse_placed.rpt"/>
  <File Type="ROUTE-DRC-RPX" Name="wax_wane_drc_routed.rpx"/>
  <File Type="PWROPT-DCP" Name="wax_wane_pwropt.dcp"/>
  <File Type="PHYSOPT-DCP" Name="wax_wane_physopt.dcp"/>
  <File Type="PHYSOPT-DRC" Name="wax_wane_drc_physopted.rpt"/>
  <File Type="ROUTE-ERROR-DCP" Name="wax_wane_routed_error.dcp"/>
  <File Type="ROUTE-DCP" Name="wax_wane_routed.dcp"/>
  <File Type="ROUTE-BLACKBOX-DCP" Name="wax_wane_routed_bb.dcp"/>
  <File Type="ROUTE-DRC" Name="wax_wane_drc_routed.rpt"/>
  <File Type="ROUTE-DRC-PB" Name="wax_wane_drc_routed.pb"/>
  <File Type="ROUTE-PWR" Name="wax_wane_power_routed.rpt"/>
  <File Type="ROUTE-PWR-SUM" Name="wax_wane_power_summary_routed.pb"/>
  <File Type="ROUTE-PWR-RPX" Name="wax_wane_power_routed.rpx"/>
  <File Type="ROUTE-STATUS" Name="wax_wane_route_status.rpt"/>
  <File Type="ROUTE-STATUS-PB" Name="wax_wane_route_status.pb"/>
  <File Type="ROUTE-TIMINGSUMMARY" Name="wax_wane_timing_summary_routed.rpt"/>
  <File Type="ROUTE-TIMING-PB" Name="wax_wane_timing_summary_routed.pb"/>
  <File Type="ROUTE-TIMING-RPX" Name="wax_wane_timing_summary_routed.rpx"/>
  <File Type="ROUTE-SIMILARITY" Name="wax_wane_incremental_reuse_routed.rpt"/>
  <File Type="ROUTE-CLK" Name="wax_wane_clock_utilization_routed.rpt"/>
  <File Type="ROUTE-BUS-SKEW" Name="wax_wane_bus_skew_routed.rpt"/>
  <File Type="ROUTE-BUS-SKEW-PB" Name="wax_wane_bus_skew_routed.pb"/>
  <FileSet Name="sources" Type="DesignSrcs" RelSrcDir="$PSRCDIR/sources_1">
    <Filter Type="Srcs"/>
    <File Path="$PPRDIR/../wax_wane.v">
      <FileInfo>
        <Attr Name="UsedIn" Val="synthesis"/>
        <Attr Name="UsedIn" Val="implementation"/>
        <Attr Name="UsedIn" Val="simulation"/>
      </FileInfo>
    </File>
    <Config>
      <Option Name="DesignMode" Val="RTL"/>
      <Option Name="TopModule" Val="wax_wane"/>
      <Option Name="TopAutoSet" Val="TRUE"/>
    </Config>
  </FileSet>
  <FileSet Name="constrs_in" Type="Constrs" RelSrcDir="$PSRCDIR/constrs_1">
    <Filter Type="Constrs"/>
    <File Path="$PSRCDIR/constrs_1/new/pins.xdc">
      <FileInfo>
        <Attr Name="UsedIn" Val="synthesis"/>
        <Attr Name="UsedIn" Val="implementation"/>
      </FileInfo>
    </File>
    <Config>
      <Option Name="TargetConstrsFile" Val="$PSRCDIR/constrs_1/new/pins.xdc"/>
      <Option Name="ConstrsType" Val="XDC"/>
    </Config>
  </FileSet>
  <FileSet Name="utils" Type="Utils" RelSrcDir="$PSRCDIR/utils_1">
    <Filter Type="Utils"/>
    <Config>
      <Option Name="TopAutoSet" Val="TRUE"/>
    </Config>
  </FileSet>
  <Strategy Version="1" Minor="2">
    <StratHandle Name="Vivado Implementation Defaults" Flow="Vivado Implementation 2020">
      <Desc>Default settings for Implementation.</Desc>
    </StratHandle>
    <Step Id="init_design"/>
    <Step Id="opt_design"/>
    <Step Id="power_opt_design"/>
    <Step Id="place_design"/>
    <Step Id="post_place_power_opt_design"/>
    <Step Id="phys_opt_design"/>
    <Step Id="route_design"/>
    <Step Id="post_route_phys_opt_design"/>
    <Step Id="write_bitstream"/>
  </Strategy>
</GenRun>
