<?xml version="1.0" encoding="UTF-8"?>
<GenRun Id="synth_1" LaunchPart="xc7z020clg484-1" LaunchTime="1606255647">
  <File Type="RDS-DCP" Name="classic_fsm_v2.dcp"/>
  <File Type="RDS-UTIL-PB" Name="classic_fsm_v2_utilization_synth.pb"/>
  <File Type="PA-TCL" Name="classic_fsm_v2.tcl"/>
  <File Type="RDS-UTIL" Name="classic_fsm_v2_utilization_synth.rpt"/>
  <File Type="REPORTS-TCL" Name="classic_fsm_v2_reports.tcl"/>
  <File Type="RDS-RDS" Name="classic_fsm_v2.vds"/>
  <FileSet Name="sources" Type="DesignSrcs" RelSrcDir="$PSRCDIR/sources_1">
    <Filter Type="Srcs"/>
    <File Path="$PSRCDIR/sources_1/imports/t05_fsms_without_monsters/classic_fsm_v2.v">
      <FileInfo>
        <Attr Name="ImportPath" Val="$PPRDIR/../../../../../../media/psf/Home/Documents/IV_Rok/ESL_tutorials/t05_fsms_without_monsters/classic_fsm_v2.v"/>
        <Attr Name="ImportTime" Val="1606255415"/>
        <Attr Name="UsedIn" Val="synthesis"/>
        <Attr Name="UsedIn" Val="implementation"/>
        <Attr Name="UsedIn" Val="simulation"/>
      </FileInfo>
    </File>
    <Config>
      <Option Name="DesignMode" Val="RTL"/>
      <Option Name="TopModule" Val="classic_fsm_v2"/>
      <Option Name="TopAutoSet" Val="TRUE"/>
    </Config>
  </FileSet>
  <FileSet Name="constrs_in" Type="Constrs" RelSrcDir="$PSRCDIR/constrs_1">
    <Filter Type="Constrs"/>
    <File Path="$PSRCDIR/constrs_1/new/pins.xdc">
      <FileInfo>
        <Attr Name="ImportPath" Val="$PPRDIR/../../../../../../media/psf/Home/Documents/IV_Rok/ESL_tutorials/t05_fsms_without_monsters/vivado_fsms/vivado_fsms.srcs/constrs_1/new/pins.xdc"/>
        <Attr Name="ImportTime" Val="1606255644"/>
        <Attr Name="UsedIn" Val="synthesis"/>
        <Attr Name="UsedIn" Val="implementation"/>
      </FileInfo>
    </File>
    <Config>
      <Option Name="TargetConstrsFile" Val="$PSRCDIR/constrs_1/new/pins.xdc"/>
      <Option Name="ConstrsType" Val="XDC"/>
    </Config>
  </FileSet>
  <FileSet Name="utils" Type="Utils" RelSrcDir="$PSRCDIR/utils_1">
    <Filter Type="Utils"/>
    <Config>
      <Option Name="TopAutoSet" Val="TRUE"/>
    </Config>
  </FileSet>
  <Strategy Version="1" Minor="2">
    <StratHandle Name="Vivado Synthesis Defaults" Flow="Vivado Synthesis 2020"/>
    <Step Id="synth_design"/>
  </Strategy>
</GenRun>
